tweet_original;tweet_preprocesado;puntaje_positivo;puntaje_negativo;sentimiento_calculado;sentimiento;tiempo_fuzz;tiempo_defuzz;tiempo_total
i loooooooovvvvvveee my kindle not that the dx is cool but the is fantastic in its own right;loooooooovvvvvveee kindle dx cool fantastic right;0.46;0.31;5.34;Neutro;0.00019407272338867188;0.01310586929321289;0.013299942016601562
reading my kindle love it lee childs is good read;reading kindle love lee child good read;0.59;0.0;8.21;Positivo;0.0001628398895263672;0.009051799774169922;0.009214639663696289
ok first assesment of the kindle it fucking rocks;ok first assesment kindle fucking rock;0.31;0.0;6.2;Neutro;0.00012350082397460938;0.011980533599853516;0.012104034423828125
you ll love your kindle i ve had mine for a few months and never looked back the new big one is huge no need for remorse;love kindle mine month never looked back new big one huge need remorse;0.35;0.11;6.4;Neutro;0.00013637542724609375;0.011901617050170898;0.012037992477416992
fair enough but i have the kindle and i think it s perfect;fair enough kindle think perfect;0.67;0.0;8.07;Positivo;0.00012683868408203125;0.009359598159790039;0.00948643684387207
no it is too big i m quite happy with the kindle;big quite happy kindle;0.57;0.0;8.24;Positivo;0.00013208389282226562;0.00902104377746582;0.009153127670288086
fuck this economy i hate aig and their non loan given asses;fuck economy hate aig non loan given ass;0.0;0.68;1.83;Negativo;0.00011610984802246094;0.008514165878295898;0.00863027572631836
jquery is my new best friend;jquery new best friend;0.79;0.0;8.25;Positivo;0.00011992454528808594;0.008686542510986328;0.008806467056274414
loves twitter;love twitter;0.81;0.0;8.28;Positivo;0.0001266002655029297;0.009057044982910156;0.009183645248413086
how can you not love obama he makes jokes about himself;love obama make joke;0.76;0.0;8.21;Positivo;0.00012922286987304688;0.00865936279296875;0.008788585662841797
i firmly believe that obama pelosi have zero desire to be civil it s a charade and a slogan but they want to destroy conservatism;firmly believe obama pelosi zero desire civil charade slogan want destroy conservatism;0.24;0.21;5.22;Neutro;0.00011444091796875;0.009505987167358398;0.009620428085327148
house correspondents dinner was last night whoopi barbara amp sherri went obama got a standing ovation;house correspondent dinner last night whoopi barbara amp sherri went obama got standing ovation;0.0;0.0;5.0;Neutro;0.0001308917999267578;0.016622304916381836;0.016753196716308594
watchin espn jus seen this new nike commerical with a puppet lebron sh t was hilarious lmao;watchin espn jus seen new nike commerical puppet lebron sh hilarious lmao;0.4;0.0;7.3;Positivo;0.0001418590545654297;0.013592720031738281;0.013734579086303711
dear nike stop with the flywire that shit is a waste of science and ugly love;dear nike stop flywire shit waste science ugly love;0.31;0.55;4.77;Neutro;0.00016736984252929688;0.014236927032470703;0.014404296875
lebron best athlete of our generation if not all time basketball related i don t want to get into inter sport debates about __;lebron best athlete generation time basketball related want get inter sport debate;0.35;0.0;6.61;Neutro;0.0001266002655029297;0.011120319366455078;0.011246919631958008
i was talking to this guy last night and he was telling me that he is a die hard spurs fan he also told me that he hates lebron james;talking guy last night telling die hard spur fan also told hate lebron james;0.11;0.42;3.62;Neutro;0.00012159347534179688;0.010478734970092773;0.01060032844543457
i love lebron;love lebron;0.81;0.0;8.28;Positivo;0.00017213821411132812;0.009771108627319336;0.009943246841430664
lebron is a beast but i m still cheering the a til the end;lebron beast still cheering til end;0.4;0.0;7.3;Positivo;0.0001494884490966797;0.012317895889282227;0.012467384338378906
lebron is the boss;lebron bos;0.0;0.0;5.0;Neutro;0.00011229515075683594;0.01479482650756836;0.014907121658325195
lebron is a hometown hero to me lol i love the lakers but let s go cavs lol;lebron hometown hero lol love lakers let go cavs lol;0.69;0.0;8.09;Positivo;0.00012087821960449219;0.009715557098388672;0.009836435317993164
lebron and zydrunas are such an awesome duo;lebron zydrunas awesome duo;0.58;0.0;8.22;Positivo;0.00017261505126953125;0.008565187454223633;0.008737802505493164
lebron is a beast nobody in the nba comes even close;lebron beast nobody nba come even close;0.0;0.0;5.0;Neutro;0.00013065338134765625;0.01487278938293457;0.015003442764282227
downloading apps for my iphone so much fun there literally is an app for just about anything;downloading apps iphone much fun literally app anything;0.32;0.0;6.29;Neutro;0.00015020370483398438;0.012622594833374023;0.012772798538208008
good news just had a call from the visa office saying everything is fine what a relief i am sick of scams out there stealing;good news call visa office saying everything fine relief sick scam stealing;0.32;0.44;4.84;Neutro;0.0001316070556640625;0.013696670532226562;0.013828277587890625
awesome come back from via;awesome come back via;0.58;0.0;8.22;Positivo;0.0001289844512939453;0.00953984260559082;0.009668827056884766
in montreal for a long weekend of r amp r much needed;montreal long weekend r amp r much needed;0.0;0.0;5.0;Neutro;0.00011920928955078125;0.016313791275024414;0.016433000564575195
booz allen hamilton has a bad ass homegrown social collaboration platform way cool ttiv;booz allen hamilton bad as homegrown social collaboration platform way cool ttiv;0.15;0.22;4.83;Neutro;0.00033164024353027344;0.01162862777709961;0.011960268020629883
mluc customer innovation award winner booz allen hamilton;mluc customer innovation award winner booz allen hamilton;0.66;0.0;8.09;Positivo;0.00014781951904296875;0.008756637573242188;0.008904457092285156
i current use the nikon d and love it but not as much as the canon d d i chose the d for the video feature my mistake;current use nikon love much canon chose video feature mistake;0.29;0.16;5.69;Neutro;0.00013828277587890625;0.010154247283935547;0.010292530059814453
google is always a good place to look should ve mentioned i worked on the mustang w my dad;google always good place look mentioned worked mustang w dad;0.27;0.0;5.88;Neutro;0.00015163421630859375;0.010646581649780273;0.010798215866088867
played with an android google phone the slide out screen scares me i would break that fucker so fast still prefer my iphone;played android google phone slide screen scare would break fucker fast still prefer iphone;0.12;0.36;3.94;Neutro;0.00021719932556152344;0.010822057723999023;0.011039257049560547
us planning to resume the military tribunals at guantanamo bay only this time those on trial will be aig execs and chrysler debt holders;u planning resume military tribunal guantanamo bay time trial aig exec chrysler debt holder;0.0;0.17;4.73;Neutro;0.00015425682067871094;0.011877059936523438;0.012031316757202148
omg so bored amp my tattoooos are so itchy help aha;omg bored amp tattoooos itchy help aha;0.25;0.39;4.67;Neutro;0.0001366138458251953;0.012443304061889648;0.012579917907714844
i m itchy and miserable;itchy miserable;0.0;1.0;0.0;Negativo;0.0001232624053955078;0.005094051361083984;0.005217313766479492
no i m not itchy for now maybe later lol;itchy maybe later lol;0.41;0.3;5.35;Neutro;0.0001232624053955078;0.011289596557617188;0.011412858963012695
rt i love the nerdy stanford human biology videos makes me miss school;rt love nerdy stanford human biology video make miss school;0.3;0.2;5.54;Neutro;0.0001971721649169922;0.010390996932983398;0.01058816909790039
has been a bit crazy with steep learning curve but lyx is really good for long docs for anything shorter it would be insane;bit crazy steep learning curve lyx really good long doc anything shorter would insane;0.17;0.26;4.74;Neutro;0.00012874603271484375;0.009570121765136719;0.009698867797851562
i m listening to p y t by danny gokey lt lt lt aww he s so amazing i lt him so much;listening p danny gokey lt lt lt aww amazing lt much;0.3;0.0;6.11;Neutro;0.0001316070556640625;0.010659217834472656;0.010790824890136719
is going to sleep then on a bike ride;going sleep bike ride;0.0;0.0;5.0;Neutro;9.369850158691406e-05;0.01474308967590332;0.014836788177490234
cant sleep my tooth is aching;cant sleep tooth aching;0.47;0.0;8.33;Positivo;0.00011777877807617188;0.009551763534545898;0.00966954231262207
blah blah blah same old same old no plans today going back to sleep i guess;blah blah blah old old plan today going back sleep guess;0.0;0.34;3.84;Neutro;0.0001125335693359375;0.011634111404418945;0.011746644973754883
glad i didnt do bay to breakers today it s freaking degrees in san francisco wtf;glad didnt bay breaker today freaking degree san francisco wtf;0.18;0.4;4.25;Neutro;9.965896606445312e-05;0.010302066802978516;0.010401725769042969
obama administration must stop bonuses to aig ponzi schemers;obama administration must stop bonus aig ponzi schemer;0.3;0.19;5.6;Neutro;0.0001475811004638672;0.011153221130371094;0.011300802230834961
started to think that citi is in really deep s amp t are they gonna survive the turmoil or are they gonna be the next aig;started think citi really deep amp gon na survive turmoil gon na next aig;0.0;0.16;4.76;Neutro;0.00012302398681640625;0.0117950439453125;0.011918067932128906
shaunwoo hate n on aig;shaunwoo hate n aig;0.0;0.65;1.78;Negativo;9.965896606445312e-05;0.008446216583251953;0.008545875549316406
you will not regret going to see star trek it was awesome;regret going see star trek awesome;0.38;0.26;5.48;Neutro;0.00010752677917480469;0.011766433715820312;0.011873960494995117
annoying new trend on the internets people picking apart michael lewis and malcolm gladwell nobody wants to read that;annoying new trend internet people picking apart michael lewis malcolm gladwell nobody want read;0.08;0.17;4.81;Neutro;0.00013113021850585938;0.010825634002685547;0.010956764221191406
highly recommend by malcolm gladwell;highly recommend malcolm gladwell;0.48;0.0;8.33;Positivo;8.535385131835938e-05;0.009529590606689453;0.009614944458007812
blink by malcolm gladwell amazing book and the tipping point;blink malcolm gladwell amazing book tipping point;0.39;0.0;7.14;Positivo;0.0001227855682373047;0.011579751968383789;0.011702537536621094
malcolm gladwell might be my new man crush;malcolm gladwell might new man crush;0.0;0.24;4.45;Neutro;0.0001308917999267578;0.010937690734863281;0.011068582534790039
omg the commercials alone on espn are going to drive me nuts;omg commercial alone espn going drive nut;0.0;0.25;4.4;Neutro;0.00017023086547851562;0.010811567306518555;0.01098179817199707
playing with twitter api sounds fun may need to take a class or find a new friend who like to generate results with api code;playing twitter api sound fun may need take class find new friend like generate result api code;0.45;0.0;8.33;Positivo;0.00012493133544921875;0.010715723037719727;0.010840654373168945
hello twitter api;hello twitter api;0.0;0.0;5.0;Neutro;0.00012969970703125;0.015529155731201172;0.015658855438232422
because the twitter api is slow and most client s aren t good;twitter api slow client good;0.42;0.0;7.66;Positivo;0.00013113021850585938;0.012054920196533203;0.012186050415039062
yahoo answers can be a butt sometimes;yahoo answer butt sometimes;0.0;0.0;5.0;Neutro;0.00012803077697753906;0.01479196548461914;0.01491999626159668
is scrapbooking with nic d;scrapbooking nic;0.0;0.0;5.0;Neutro;0.00011587142944335938;0.016033411026000977;0.016149282455444336
rt five things wolfram alpha does better and vastly different than google;rt five thing wolfram alpha better vastly different google;0.27;0.0;5.88;Neutro;0.0001888275146484375;0.01184701919555664;0.012035846710205078
just changed my default pic to a nike basketball cause bball is awesome;changed default pic nike basketball cause bball awesome;0.37;0.0;6.85;Positivo;0.00011777877807617188;0.011771678924560547;0.011889457702636719
rt was just told that nike layoffs started today;rt told nike layoff started today;0.0;0.0;5.0;Neutro;0.00013971328735351562;0.015576601028442383;0.0157163143157959
back when i worked for nike we had one fav word just do it;back worked nike one fav word;0.38;0.0;6.99;Positivo;0.00012540817260742188;0.011639118194580078;0.0117645263671875
by the way i m totally inspired by this freaky nike commercial;way totally inspired freaky nike commercial;0.34;0.27;5.34;Neutro;0.00011658668518066406;0.010779857635498047;0.010896444320678711
class the d is supposed to come today;class supposed come today;0.0;0.0;5.0;Neutro;0.00015974044799804688;0.015365362167358398;0.015525102615356445
needs someone to explain lambda calculus to him;need someone explain lambda calculus;0.0;0.0;5.0;Neutro;0.00011920928955078125;0.014863252639770508;0.014982461929321289
took the graduate field exam for computer science today nothing makes you feel like more of an idiot than lambda calculus;took graduate field exam computer science today nothing make feel like idiot lambda calculus;0.0;0.31;4.06;Neutro;0.00012135505676269531;0.012118339538574219;0.012239694595336914
shout outs to all east palo alto for being in the buildin karizmakaze cal gta also thanks to profits of doom universal hempz cracka;shout out east palo alto buildin karizmakaze cal gta also thanks profit doom universal hempz cracka;0.27;0.13;5.66;Neutro;0.00019621849060058594;0.01571488380432129;0.015911102294921875
yeahhhhhhhhh i wouldn t really have lived in east palo alto if i could have avoided it i guess it s only for the summer;yeahhhhhhhhh really lived east palo alto could avoided guess summer;0.0;0.21;4.58;Neutro;0.00020432472229003906;0.01648569107055664;0.01669001579284668
great stanford course thanks for making it available to the public really helpful and informative for starting off;great stanford course thanks making available public really helpful informative starting;0.56;0.0;8.25;Positivo;0.0001506805419921875;0.009447097778320312;0.0095977783203125
work til pm lets go lakers;work til pm let go lakers;0.0;0.0;5.0;Neutro;0.00018334388732910156;0.018557310104370117;0.01874065399169922
damn you north korea;damn north korea;0.0;0.57;1.7;Negativo;0.0001513957977294922;0.00946950912475586;0.009620904922485352
can we just go ahead and blow north korea off the map already;go ahead blow north korea map already;0.0;0.0;5.0;Neutro;0.00012087821960449219;0.014946460723876953;0.015067338943481445
north korea please cease this douchebaggery china doesn t even like you anymore;north korea please cease douchebaggery china even like anymore;0.41;0.0;7.47;Positivo;0.00014090538024902344;0.01154327392578125;0.011684179306030273
why the hell is pelosi in freakin china and on whose dime;hell pelosi freakin china whose dime;0.0;0.48;2.09;Negativo;0.00013375282287597656;0.011850118637084961;0.011983871459960938
are you burning more cash than chrysler and gm stop the financial tsunami where bailout means taking a handout;burning cash chrysler gm stop financial tsunami bailout mean taking handout;0.0;0.29;4.18;Neutro;0.0001251697540283203;0.010915756225585938;0.011040925979614258
insects have infected my spinach plant;insect infected spinach plant;0.0;0.52;1.67;Negativo;0.00012254714965820312;0.010316848754882812;0.010439395904541016
wish i could catch every mosquito in the world n burn em slowly they been bitin the shit outta me day mosquitos are the assholes of insects;wish could catch every mosquito world n burn em slowly bitin shit outta day mosquito asshole insect;0.13;0.18;4.9;Neutro;0.00011324882507324219;0.010669708251953125;0.010782957077026367
just got back from church and i totally hate insects;got back church totally hate insect;0.0;0.44;2.77;Negativo;0.00013756752014160156;0.01206517219543457;0.012202739715576172
just got mcdonalds goddam those eggs make me sick o yeah laker up date go lakers not much of an update well it s true so suck it;got mcdonalds goddam egg make sick yeah laker date go lakers much update well true suck;0.27;0.36;4.82;Neutro;0.00016355514526367188;0.010826826095581055;0.010990381240844727
omgg i ohhdee want mcdonalds damn i wonder if its open lol;omgg ohhdee want mcdonalds damn wonder open lol;0.35;0.23;5.55;Neutro;0.00012111663818359375;0.010272502899169922;0.010393619537353516
history exam studying ugh;history exam studying ugh;0.0;0.48;2.09;Negativo;0.00013113021850585938;0.011842489242553711;0.01197361946105957
i hate revision it s so boring i am totally unprepared for my exam tomorrow things are not looking good;hate revision boring totally unprepared exam tomorrow thing looking good;0.18;0.38;4.31;Neutro;0.00013327598571777344;0.011501789093017578;0.011635065078735352
higher physics exam tommorow not lookin forward to it much;higher physic exam tommorow lookin forward much;0.0;0.0;5.0;Neutro;0.00012683868408203125;0.014574050903320312;0.014700889587402344
it s a bank holiday yet i m only out of work now exam season sucks;bank holiday yet work exam season suck;0.26;0.27;5.07;Neutro;0.0001575946807861328;0.01027226448059082;0.010429859161376953
cheney and bush are the real culprits;cheney bush real culprit;0.0;0.0;5.0;Neutro;0.0001251697540283203;0.014542341232299805;0.014667510986328125
life s a bitch and so is dick cheney p bipart tlot tcot hhrs gop dnc;life bitch dick cheney p bipart tlot tcot hhrs gop dnc;0.0;0.47;2.28;Negativo;0.00012254714965820312;0.015440702438354492;0.015563249588012695
dick cheney s dishonest speech about torture terror and obama fred kaplan slate;dick cheney dishonest speech torture terror obama fred kaplan slate;0.0;0.7;1.86;Negativo;0.0002186298370361328;0.009117364883422852;0.009335994720458984
the republican party is a bunch of anti abortion zealots who couldn t draw flies to a dump neal boortz just now on the radio;republican party bunch anti abortion zealot draw fly dump neal boortz radio;0.15;0.42;3.98;Neutro;0.00011348724365234375;0.010724067687988281;0.010837554931640625
is twitter s connections api broken some tweets didn t make it to twitter;twitter connection api broken tweet make twitter;0.0;0.34;3.84;Neutro;0.00010418891906738281;0.014557123184204102;0.014661312103271484
i srsly hate the stupid twitter api timeout thing soooo annoying;srsly hate stupid twitter api timeout thing soooo annoying;0.0;0.62;1.74;Negativo;0.00024580955505371094;0.011752605438232422;0.011998414993286133
i really liked learning jquery book is worth a look too;really liked learning jquery book worth look;0.5;0.0;8.31;Positivo;0.00012969970703125;0.01211857795715332;0.01224827766418457
very interesting ad from adobe by goodby silverstein amp partners youtube adobe cs le sens propre;interesting ad adobe goodby silverstein amp partner youtube adobe c le sen propre;0.2;0.0;5.47;Neutro;0.00013446807861328125;0.01353764533996582;0.013672113418579102
goodby silverstein agency new site great;goodby silverstein agency new site great;0.45;0.0;8.33;Positivo;0.00018477439880371094;0.011509180068969727;0.011693954467773438
rt goodby silverstein s new site i enjoy it nice find;rt goodby silverstein new site enjoy nice find;0.5;0.0;8.31;Positivo;0.0001556873321533203;0.011581897735595703;0.011737585067749023
the ever amazing psyop and goodby silverstein amp partners for hp have to go play with after effects now;ever amazing psyop goodby silverstein amp partner hp go play effect;0.41;0.0;7.47;Positivo;0.0001709461212158203;0.013146162033081055;0.013317108154296875
top ten most watched on viral video chart love the nike mostvaluablepuppets campaign from wieden amp kennedy;top ten watched viral video chart love nike mostvaluablepuppets campaign wieden amp kennedy;0.35;0.0;6.61;Neutro;0.00015211105346679688;0.011782407760620117;0.011934518814086914
zomg i have a g;zomg g;0.0;0.0;5.0;Neutro;0.00011968612670898438;0.015332937240600586;0.01545262336730957
ok so lots of buzz from io but how lucky are they a free g;ok lot buzz io lucky free g;0.73;0.0;8.16;Positivo;0.00013184547424316406;0.008533477783203125;0.008665323257446289
just got a free g android at google i o;got free g android google;0.52;0.0;8.3;Positivo;0.0001316070556640625;0.009016036987304688;0.00914764404296875
guess i ll be retiring my g and start using my developer g woot googleio;guess retiring g start using developer g woot googleio;0.32;0.0;6.29;Neutro;0.00012230873107910156;0.010876178741455078;0.01099848747253418
i am happy for philip being at googleio today;happy philip googleio today;0.55;0.0;8.27;Positivo;0.00011968612670898438;0.008822441101074219;0.008942127227783203
lakers played great cannot wait for thursday night lakers vs;lakers played great wait thursday night lakers v;0.56;0.0;8.25;Positivo;0.00013208389282226562;0.009531259536743164;0.00966334342956543
judd apatow creates fake sitcom on nbc com to market his new movie viral marketing at its best;judd apatow creates fake sitcom nbc com market new movie viral marketing best;0.33;0.16;5.91;Neutro;0.00010728836059570312;0.0109710693359375;0.011078357696533203
viral marketing fail this acia pills brand oughta get shut down for hacking into people s messenger s i get msgs in a day arrrgh;viral marketing fail acia pill brand oughta get shut hacking people messenger get msg day arrrgh;0.0;0.19;4.66;Neutro;0.00011491775512695312;0.011394023895263672;0.011508941650390625
watching night at the museum lmao;watching night museum lmao;0.56;0.0;8.25;Positivo;0.00012087821960449219;0.009760856628417969;0.009881734848022461
i loved night at the museum;loved night museum;0.66;0.0;8.09;Positivo;0.0001316070556640625;0.009129047393798828;0.00926065444946289
just got back from the movies went to see the new night at the museum with rachel it was good;got back movie went see new night museum rachel good;0.24;0.0;5.68;Neutro;0.0001251697540283203;0.011237144470214844;0.011362314224243164
i will take you on a date to see night at the museum whenever you want it looks soooooo good;take date see night museum whenever want look soooooo good;0.34;0.0;6.49;Neutro;0.00011944770812988281;0.011611223220825195;0.011730670928955078
no watching the night at the museum getting really good;watching night museum getting really good;0.39;0.0;7.14;Positivo;0.00011610984802246094;0.011140823364257812;0.011256933212280273
night at the museum wolverine and junk food perfect monday;night museum wolverine junk food perfect monday;0.38;0.0;6.99;Positivo;0.00011658668518066406;0.012075662612915039;0.012192249298095703
saw night at the museum last night pretty crazy movie but the cast was awesome so it was well worth it robin williams forever;saw night museum last night pretty crazy movie cast awesome well worth robin williams forever;0.48;0.1;6.72;Positivo;0.00012540817260742188;0.011429309844970703;0.011554718017578125
night at the museum tonite instead of up oh well that yr old better enjoy it lol;night museum tonite instead oh well yr old better enjoy lol;0.61;0.0;8.18;Positivo;0.00011968612670898438;0.008294820785522461;0.008414506912231445
it s unfortunate that after the stimulus plan was put in place twice to help gm on the back of the american people has led to the inevitable;unfortunate stimulus plan put place twice help gm back american people led inevitable;0.16;0.18;4.99;Neutro;0.00011730194091796875;0.011362552642822266;0.011479854583740234
tell me again why we are giving more to gm we should use that for all the programs that support the unemployed;tell giving gm use program support unemployed;0.51;0.0;8.31;Positivo;0.00011515617370605469;0.008884191513061523;0.008999347686767578
oh yes but if gm dies it will only be worth more boo hahaha;oh yes gm dy worth boo hahaha;0.67;0.0;8.07;Positivo;0.00015497207641601562;0.007990598678588867;0.008145570755004883
time warner cable is down again rd time since memorial day bummer;time warner cable rd time since memorial day bummer;0.0;0.24;4.45;Neutro;0.00019240379333496094;0.010902643203735352;0.011095046997070312
i would rather pay reasonable yearly taxes for free fast internet than get gouged by time warner for a slow connection;would rather pay reasonable yearly tax free fast internet get gouged time warner slow connection;0.19;0.08;5.35;Neutro;0.00012421607971191406;0.011077880859375;0.011202096939086914
nooooooo my dvr just died and i was only half way through the ea presser hate you time warner;nooooooo dvr died half way ea presser hate time warner;0.0;0.48;2.09;Negativo;0.0001125335693359375;0.011714458465576172;0.01182699203491211
f ck time warner cable you f cking suck balls i have a hd tv amp my damn hd channels hardly ever come in bullshit;f ck time warner cable f cking suck ball hd tv amp damn hd channel hardly ever come bullshit;0.0;0.4;3.27;Negativo;0.00012969970703125;0.011175870895385742;0.011305570602416992
time warner has the worse customer service ever i will never use them again;time warner worse customer service ever never use;0.0;0.31;4.06;Neutro;0.00011515617370605469;0.01084756851196289;0.010962724685668945
time warner is the devil worst possible time for the internet to go out;time warner devil worst possible time internet go;0.0;0.59;1.71;Negativo;0.00012350082397460938;0.009069204330444336;0.009192705154418945
fuck no internet damn time warner;fuck internet damn time warner;0.0;0.67;1.81;Negativo;0.00012350082397460938;0.008458852767944336;0.008582353591918945
time warner really picks the worst time to not work all i want to do is get to mtv com so i can watch the hills wtfffff;time warner really pick worst time work want get mtv com watch hill wtfffff;0.07;0.25;4.48;Neutro;0.00011849403381347656;0.009796380996704102;0.009914875030517578
i hate time warner soooo wish i had vios cant watch the fricken mets game w o buffering i feel like im watching free internet porn;hate time warner soooo wish vios cant watch fricken mets game w buffering feel like im watching free internet porn;0.31;0.14;5.92;Neutro;0.00011658668518066406;0.010377883911132812;0.010494470596313477
ahh got rid of stupid time warner today amp now taking a nap while the roomies cook for me pretty good end for a monday;ahh got rid stupid time warner today amp taking nap roomy cook pretty good end monday;0.27;0.15;5.6;Neutro;0.0001537799835205078;0.010254383087158203;0.010408163070678711
time warner s hd line up is crap;time warner hd line crap;0.0;0.39;3.38;Neutro;0.0001316070556640625;0.011118650436401367;0.01125025749206543
is being fucked by time warner cable didnt know modems could explode and susan boyle sucks too;fucked time warner cable didnt know modem could explode susan boyle suck;0.0;0.42;3.04;Negativo;0.00011992454528808594;0.011388778686523438;0.011508703231811523
time warner cable slogan where calling it a day at pm happens;time warner cable slogan calling day pm happens;0.0;0.0;5.0;Neutro;0.00014138221740722656;0.015070676803588867;0.015212059020996094
recovering from surgery wishing was here;recovering surgery wishing;0.49;0.0;8.32;Positivo;0.00013256072998046875;0.00898289680480957;0.009115457534790039
my wrist still hurts i have to get it looked at i hate the dr dentist scary places time to watch eagle eye if you want to join txt;wrist still hurt get looked hate dr dentist scary place time watch eagle eye want join txt;0.14;0.4;3.95;Neutro;0.0001087188720703125;0.010635614395141602;0.010744333267211914
the dentist lied u won t feel any discomort prob won t even need pain pills man u twippin this shit hurt how many pills can i take;dentist lied u feel discomort prob even need pain pill man u twippin shit hurt many pill take;0.0;0.52;1.67;Negativo;0.00013446807861328125;0.009594917297363281;0.009729385375976562
my dentist is great but she s expensive;dentist great expensive;0.67;0.0;8.07;Positivo;0.00011920928955078125;0.008315801620483398;0.00843501091003418
is studing math tomorrow exam and dentist;studing math tomorrow exam dentist;0.0;0.0;5.0;Neutro;8.797645568847656e-05;0.015706777572631836;0.015794754028320312
my dentist was wrong wrong;dentist wrong wrong;0.0;0.86;1.77;Negativo;0.000133514404296875;0.008544683456420898;0.008678197860717773
going to the dentist later;going dentist later;0.0;0.0;5.0;Neutro;0.00015306472778320312;0.01457834243774414;0.014731407165527344
son has me looking at cars online i hate car shopping would rather go to the dentist anyone with a good car at a good price to sell;son looking car online hate car shopping would rather go dentist anyone good car good price sell;0.25;0.16;5.45;Neutro;0.00012183189392089844;0.009576082229614258;0.009697914123535156
luke and i got stopped walking out of safeway and asked to empty our pockets and lift our shirts how jacked up is that;luke got stopped walking safeway asked empty pocket lift shirt jacked;0.0;0.29;4.18;Neutro;7.486343383789062e-05;0.01059269905090332;0.010667562484741211
safeway is very rock n roll tonight;safeway rock n roll tonight;0.0;0.0;5.0;Neutro;0.000148773193359375;0.01435542106628418;0.014504194259643555
the safeway bathroom still smells like ass;safeway bathroom still smell like as;0.33;0.0;6.39;Neutro;0.00012183189392089844;0.011026859283447266;0.011148691177368164
at safeway on elkhorn they move like they re dead;safeway elkhorn move like dead;0.26;0.44;4.62;Neutro;0.00012540817260742188;0.010750770568847656;0.010876178741455078
i love dwight howard s vitamin water commercial now i wish he was with nike and not adidas lol;love dwight howard vitamin water commercial wish nike adidas lol;0.67;0.0;8.07;Positivo;0.0001316070556640625;0.008107662200927734;0.008239269256591797
found nothing at nike factory off to banana republic outlet;found nothing nike factory banana republic outlet;0.0;0.0;5.0;Neutro;0.00014257431030273438;0.014666318893432617;0.014808893203735352
is lovin his nike already and that s only from running on the spot in his bedroom;lovin nike already running spot bedroom;0.0;0.0;5.0;Neutro;0.00013446807861328125;0.014859676361083984;0.014994144439697266
i finally got around to using jquery to make my bio collapse yay for slide animations;finally got around using jquery make bio collapse yay slide animation;0.22;0.2;5.16;Neutro;0.00011515617370605469;0.009394168853759766;0.00950932502746582
right lol we ll get there i have high expectations warren buffet style;right lol get high expectation warren buffet style;0.29;0.0;6.03;Neutro;0.00012493133544921875;0.010479211807250977;0.010604143142700195
rt rt great someone s sitting in the shade today because someone planted a tree a long time ago warren buffet;rt rt great someone sitting shade today someone planted tree long time ago warren buffet;0.23;0.0;5.62;Neutro;0.00010991096496582031;0.010425806045532227;0.010535717010498047
warren buffet became for a time the richest man in the united states not by working but investing in big idea which lead to the fortune;warren buffet became time richest man united state working investing big idea lead fortune;0.34;0.0;6.49;Neutro;0.0001323223114013672;0.011223793029785156;0.011356115341186523
according to the create a school notre dame will have receivers in ncaa at or higher rating sweet;according create school notre dame receiver ncaa higher rating sweet;0.39;0.0;7.14;Positivo;0.0001735687255859375;0.011219501495361328;0.011393070220947266
it s definitely under warranty amp my experience is the amazon support for kindle is great had to contact them about my kindle;definitely warranty amp experience amazon support kindle great contact kindle;0.65;0.0;8.1;Positivo;0.0001289844512939453;0.008286714553833008;0.008415699005126953
time warner road runner customer support here absolutely blows i hate not having other high speed net options i m ready to go nuclear;time warner road runner customer support absolutely blow hate high speed net option ready go nuclear;0.23;0.18;5.27;Neutro;0.0001266002655029297;0.009325504302978516;0.009452104568481445
time warner cable phone reps r dumber than nails ugh cable was working mins ago now its not wtf;time warner cable phone rep r dumber nail ugh cable working min ago wtf;0.0;0.48;2.09;Negativo;0.00017523765563964844;0.011513710021972656;0.011688947677612305
we tried but time warner wasn t being nice so we recorded today;tried time warner nice recorded today;0.36;0.0;6.72;Positivo;0.00011992454528808594;0.011869192123413086;0.011989116668701172
omg time warner f ed up my internet install instead of today its now next saturday another week w o internet amp ehfa v fhg fml;omg time warner f ed internet install instead today next saturday another week w internet amp ehfa v fhg fml;0.0;0.0;5.0;Neutro;0.00012874603271484375;0.014329910278320312;0.014458656311035156
wth i have never seen a line this loooong at time warner before ugh;wth never seen line loooong time warner ugh;0.0;0.51;1.67;Negativo;0.00014281272888183594;0.010213613510131836;0.010356426239013672
impatiently awaiting the arrival of the time warner guy it s way too pretty to be inside all afternoon;impatiently awaiting arrival time warner guy way pretty inside afternoon;0.23;0.19;5.24;Neutro;0.00010919570922851562;0.00964808464050293;0.009757280349731445
naive bayes using em for text classification really frustrating;naive bayes using em text classification really frustrating;0.0;0.47;2.28;Negativo;9.322166442871094e-05;0.012677192687988281;0.012770414352416992
we went to stanford university today got a tour made me want to go back to college it s also decided all of our kids will go there;went stanford university today got tour made want go back college also decided kid go;0.09;0.0;5.1;Neutro;0.00011563301086425781;0.013947725296020508;0.014063358306884766
if you re being harassed by calls about your car warranty changing your number won t fix that they call every number d bags;harassed call car warranty changing number fix call every number bag;0.18;0.25;4.82;Neutro;0.00014281272888183594;0.009357690811157227;0.009500503540039062
just blocked united blood services using google voice they call more than those car warranty guys;blocked united blood service using google voice call car warranty guy;0.2;0.15;5.23;Neutro;0.00010514259338378906;0.00997018814086914;0.01007533073425293
at amp t is complete fail;amp complete fail;0.0;0.64;1.77;Negativo;0.0001251697540283203;0.008938312530517578;0.009063482284545898
oh snap you work at at amp t don t you;oh snap work amp;0.0;0.0;5.0;Neutro;0.00011301040649414062;0.014059782028198242;0.014172792434692383
i really dont want at amp t phone service they suck when it comes to having a signal;really dont want amp phone service suck come signal;0.0;0.39;3.38;Neutro;9.083747863769531e-05;0.011354207992553711;0.011445045471191406
i say we just cut out the small talk at amp t s new slogan f__k you give us your money apologies to bob geldof;say cut small talk amp new slogan f give u money apology bob geldof;0.09;0.16;4.86;Neutro;0.00013446807861328125;0.01133871078491211;0.01147317886352539
pissed about at amp t s mid contract upgrade price for the iphone it s more i m not going to pay for something i thought was;pissed amp mid contract upgrade price iphone going pay something thought;0.0;0.38;3.48;Neutro;0.00015091896057128906;0.011138677597045898;0.011289596557617188
safari is fast even on my shitty at amp t tethering;safari fast even shitty amp tethering;0.0;0.42;3.04;Negativo;8.869171142578125e-05;0.01132655143737793;0.011415243148803711
what is at amp t fucking up;amp fucking;0.0;0.0;5.0;Neutro;0.00012350082397460938;0.01440882682800293;0.014532327651977539
at amp t dropped the ball and isn t supporting crap with the new iphone fail att sucks;amp dropped ball supporting crap new iphone fail att suck;0.16;0.5;3.97;Neutro;0.00011515617370605469;0.011315107345581055;0.01143026351928711
yay glad you got the phone still damn you at amp t;yay glad got phone still damn amp;0.49;0.21;5.82;Neutro;0.0001239776611328125;0.010697364807128906;0.010821342468261719
talk is cheap bing that i ll stick with google;talk cheap bing stick google;0.0;0.0;5.0;Neutro;0.000133514404296875;0.01457524299621582;0.014708757400512695
wtf is the point of deleting tweets if they can still be found in summize and searches twitter please fix that thanks and bye;wtf point deleting tweet still found summize search twitter please fix thanks bye;0.27;0.2;5.41;Neutro;0.00010895729064941406;0.009723663330078125;0.009832620620727539
i love google translator too d good day mate;love google translator good day mate;0.64;0.0;8.12;Positivo;0.00010943412780761719;0.008272886276245117;0.008382320404052734
reading on my new kindle;reading new kindle;0.0;0.0;5.0;Neutro;0.00010371208190917969;0.01431131362915039;0.01441502571105957
my kindle came and i love it;kindle came love;0.68;0.0;8.07;Positivo;0.00010085105895996094;0.008152008056640625;0.008252859115600586
loving my new kindle named her kendra in case u were wondering the cookbook is the tool cuz it tells u all the tricks best gift evr;loving new kindle named kendra case u wondering cookbook tool cuz tell u trick best gift evr;0.47;0.05;7.38;Positivo;0.00011086463928222656;0.011580944061279297;0.011691808700561523
the real aig scandal;real aig scandal;0.0;0.59;1.71;Negativo;0.0001239776611328125;0.00882863998413086;0.008952617645263672
obama is quite a good comedian check out his dinner speech on cnn very funny jokes;obama quite good comedian check dinner speech cnn funny joke;0.65;0.0;8.1;Positivo;0.00015497207641601562;0.008479118347167969;0.008634090423583984
barack obama shows his funny side gt gt great speech;barack obama show funny side gt gt great speech;0.69;0.0;8.09;Positivo;0.00016260147094726562;0.008131265640258789;0.008293867111206055
i like this guy barack obama shows his funny side gt gt;like guy barack obama show funny side gt gt;0.66;0.0;8.09;Positivo;0.00014162063598632812;0.008159160614013672;0.00830078125
obama s speech was pretty awesome last night;obama speech pretty awesome last night;0.65;0.0;8.1;Positivo;0.0001361370086669922;0.008333683013916016;0.008469820022583008
reading bill clinton fail obama win;reading bill clinton fail obama win;0.34;0.31;5.19;Neutro;0.00011444091796875;0.010567665100097656;0.010682106018066406
obama more popular than u s among arabs survey president barack obama s popularity in leading arab countries;obama popular u among arab survey president barack obama popularity leading arab country;0.37;0.0;6.85;Positivo;0.000102996826171875;0.011483192443847656;0.011586189270019531
obama s got jokes haha just got to watch a bit of his after dinner speech from last night i m in love with mr president;obama got joke haha got watch bit dinner speech last night love mr president;0.46;0.0;8.33;Positivo;0.00010561943054199219;0.009384632110595703;0.009490251541137695
lebron james got in a car accident i guess just heard it on evening news wow i cant believe it will he be ok;lebron james got car accident guess heard evening news wow cant believe ok;0.2;0.27;4.81;Neutro;0.00013184547424316406;0.009341239929199219;0.009473085403442383
is it me or is this the best the playoffs have been in years oh yea lebron and melo in the finals;best playoff year oh yea lebron melo final;0.38;0.0;6.99;Positivo;8.0108642578125e-05;0.01117563247680664;0.011255741119384766
no lebron is the best;lebron best;0.81;0.0;8.28;Positivo;9.036064147949219e-05;0.00892186164855957;0.009012222290039062
lebron is cool i like his personality he has good character;lebron cool like personality good character;0.72;0.0;8.14;Positivo;0.00013637542724609375;0.008272886276245117;0.008409261703491211
watching lebron highlights damn that niggas good;watching lebron highlight damn nigga good;0.48;0.24;5.65;Neutro;0.00013589859008789062;0.01049494743347168;0.01063084602355957
lebron is murdering shit;lebron murdering shit;0.0;0.89;1.73;Negativo;0.00011730194091796875;0.009047508239746094;0.009164810180664062
lebron is a monsta and he is only smh the world ain t ready;lebron monsta smh world ready;0.32;0.29;5.2;Neutro;0.00011157989501953125;0.010116100311279297;0.010227680206298828
when lebron is done in the nba he will probably be greater than kobe like u said kobe is good but there alot of good players;lebron done nba probably greater kobe like u said kobe good alot good player;0.55;0.0;8.27;Positivo;9.560585021972656e-05;0.009239912033081055;0.009335517883300781
kobe is good bt lebron has my vote;kobe good bt lebron vote;0.42;0.0;7.66;Positivo;0.00012350082397460938;0.011494874954223633;0.011618375778198242
kobe is the best in the world not lebron;kobe best world lebron;0.58;0.0;8.22;Positivo;0.00013685226440429688;0.00836324691772461;0.008500099182128906
world cup access damn that s a good look;world cup access damn good look;0.3;0.28;5.17;Neutro;8.58306884765625e-05;0.01007699966430664;0.010162830352783203
just bought my tickets for the fifa world cup in south africa its going to be a great summer;bought ticket fifa world cup south africa going great summer;0.31;0.0;6.2;Neutro;0.00011467933654785156;0.010980606079101562;0.011095285415649414
i have to go to booz allen hamilton for a hr meeting but then i get to go home;go booz allen hamilton hr meeting get go home;0.0;0.0;5.0;Neutro;0.00015091896057128906;0.014382123947143555;0.014533042907714844
the great indian tamasha truly will unfold from may the result day for indian general election;great indian tamasha truly unfold may result day indian general election;0.44;0.0;8.09;Positivo;0.00012946128845214844;0.011575460433959961;0.01170492172241211
i have the kindle i ve seen pictures of the dx but haven t seen it in person i love my kindle i m on it everyday;kindle seen picture dx seen person love kindle everyday;0.28;0.26;5.18;Neutro;0.00020432472229003906;0.00977468490600586;0.009979009628295898
such an awesome idea the continual learning program with a kindle;awesome idea continual learning program kindle;0.45;0.0;8.33;Positivo;0.00011754035949707031;0.009862899780273438;0.009980440139770508
ooooh what model are you getting i have the d and love love love love it;ooooh model getting love love love love;0.85;0.0;8.31;Positivo;0.00013566017150878906;0.00914764404296875;0.009283304214477539
the times of india the wonder that is india s election;time india wonder india election;0.0;0.0;5.0;Neutro;9.441375732421875e-05;0.014095306396484375;0.014189720153808594
good video from google on using search options;good video google using search option;0.37;0.0;6.85;Positivo;7.82012939453125e-05;0.01100015640258789;0.011078357696533203
lol ah my skin is itchy damn lawnmowing;lol ah skin itchy damn lawnmowing;0.26;0.45;4.61;Neutro;0.00015616416931152344;0.010687589645385742;0.010843753814697266
itchy back dont ya hate it;itchy back dont ya hate;0.37;0.26;5.45;Neutro;9.179115295410156e-05;0.010073184967041016;0.010164976119995117
stanford charity fashion show a top draw;stanford charity fashion show top draw;0.54;0.0;8.28;Positivo;0.00011324882507324219;0.009336709976196289;0.009449958801269531
stanford university s facebook profile is one of the most popular official university pages;stanford university facebook profile one popular official university page;0.26;0.0;5.81;Neutro;0.00011610984802246094;0.010754823684692383;0.010870933532714844
lyx is cool;lyx cool;0.7;0.0;8.1;Positivo;0.00011587142944335938;0.008057832717895508;0.008173704147338867
sooo dissapointed they sent danny gokey home you still rock danny my hometown hero yeah milrockee;sooo dissapointed sent danny gokey home still rock danny hometown hero yeah milrockee;0.34;0.0;6.49;Neutro;0.00018358230590820312;0.011463642120361328;0.011647224426269531
rt american idol fashion adam lambert tones down danny gokey cute;rt american idol fashion adam lambert tone danny gokey cute;0.25;0.0;5.74;Neutro;0.00011372566223144531;0.010349273681640625;0.01046299934387207
i love you danny gokey;love danny gokey;0.68;0.0;8.07;Positivo;0.00011157989501953125;0.008384943008422852;0.008496522903442383
so tired i didn t sleep well at all last night;tired sleep well last night;0.26;0.36;4.78;Neutro;0.00010919570922851562;0.010909080505371094;0.01101827621459961
boarding plane for san francisco in hour hr flight blech;boarding plane san francisco hour hr flight blech;0.0;0.0;5.0;Neutro;0.00011134147644042969;0.014479637145996094;0.014590978622436523
bonjour san francisco my back hurts from last night;bonjour san francisco back hurt last night;0.0;0.36;3.67;Neutro;0.000125885009765625;0.011398792266845703;0.011524677276611328
with my best girl for a few more hours in san francisco mmmmmfamily is wonderful;best girl hour san francisco mmmmmfamily wonderful;0.61;0.0;8.18;Positivo;0.0001685619354248047;0.010022878646850586;0.01019144058227539
f up big or go home aig;f big go home aig;0.0;0.0;5.0;Neutro;0.00015211105346679688;0.015128850936889648;0.015280961990356445
went to see the star trek movie last night very satisfying;went see star trek movie last night satisfying;0.3;0.0;6.11;Neutro;0.00012063980102539062;0.012247562408447266;0.012368202209472656
i can t wait going to see star trek tonight;wait going see star trek tonight;0.0;0.0;5.0;Neutro;0.00011920928955078125;0.015084028244018555;0.015203237533569336
star trek was as good as everyone said;star trek good everyone said;0.42;0.0;7.66;Positivo;0.00011801719665527344;0.012061595916748047;0.01217961311340332
am loving new malcolm gladwell book outliers;loving new malcolm gladwell book outlier;0.44;0.0;8.09;Positivo;0.00011515617370605469;0.011294364929199219;0.011409521102905273
i highly recommend malcolm gladwell s the tipping point my next audiobook will probably be one of his as well;highly recommend malcolm gladwell tipping point next audiobook probably one well;0.35;0.0;6.61;Neutro;9.72747802734375e-05;0.011039018630981445;0.011136293411254883
malcolm gladwell is a genius at tricking people into not realizing he s a fucking idiot;malcolm gladwell genius tricking people realizing fucking idiot;0.1;0.34;4.02;Neutro;9.870529174804688e-05;0.010768651962280273;0.01086735725402832
hey no offense but malcolm gladwell is a pretenious annoying cunt and he brings you down cant read his shit;hey offense malcolm gladwell pretenious annoying cunt brings cant read shit;0.16;0.44;4.02;Neutro;0.00011515617370605469;0.010491132736206055;0.01060628890991211
rt great article by malcolm gladwell;rt great article malcolm gladwell;0.51;0.0;8.31;Positivo;9.560585021972656e-05;0.009029388427734375;0.009124994277954102
i seriously underestimated malcolm gladwell i want to meet this dude;seriously underestimated malcolm gladwell want meet dude;0.14;0.42;3.9;Neutro;8.893013000488281e-05;0.010609626770019531;0.010698556900024414
i hate comcast right now everything is down cable internet amp phone ughh what am i to do;hate comcast right everything cable internet amp phone ughh;0.0;0.32;3.99;Neutro;0.00012159347534179688;0.010619640350341797;0.010741233825683594
comcast sucks;comcast suck;0.0;0.74;1.93;Negativo;8.177757263183594e-05;0.008824825286865234;0.00890660285949707
the day i never have to deal with comcast again will rank as one of the best days of my life;day never deal comcast rank one best day life;0.34;0.0;6.49;Neutro;0.00011324882507324219;0.011624574661254883;0.011737823486328125
did comcast fail again;comcast fail;0.0;0.78;1.89;Negativo;0.00011944770812988281;0.008477210998535156;0.008596658706665039
curses the twitter api limit;curse twitter api limit;0.0;0.54;1.68;Negativo;0.00012159347534179688;0.009186506271362305;0.009308099746704102
now i can see why dave winer screams about lack of twitter api its limitations and access throttles;see dave winer scream lack twitter api limitation access throttle;0.0;0.51;1.67;Negativo;0.00011610984802246094;0.009390830993652344;0.009506940841674805
arg twitter api is making me crazy;arg twitter api making crazy;0.0;0.38;3.48;Neutro;0.00010895729064941406;0.011462926864624023;0.011571884155273438
i m really loving the new search site wolfram alpha makes google seem so quaint;really loving new search site wolfram alpha make google seem quaint;0.29;0.0;6.03;Neutro;0.00015664100646972656;0.010622978210449219;0.010779619216918945
wolfram alpha sucks even for researchers the information provided is less than you can get from google or wikipedia totally useless;wolfram alpha suck even researcher information provided less get google wikipedia totally useless;0.0;0.35;3.76;Neutro;0.00014543533325195312;0.01158595085144043;0.011731386184692383
off to the nike factory;nike factory;0.0;0.0;5.0;Neutro;0.00012826919555664062;0.01463627815246582;0.014764547348022461
new nike muppet commercials are pretty cute why do we live together again;new nike muppet commercial pretty cute live together;0.51;0.0;8.31;Positivo;0.00011396408081054688;0.009058952331542969;0.009172916412353516
oh those are awesome i so wish they weren t owned by nike;oh awesome wish owned nike;0.69;0.0;8.09;Positivo;7.772445678710938e-05;0.008458137512207031;0.00853586196899414
awesome seeing the show friday at the shoreline amphitheatre never seen nin before can t wait;awesome seeing show friday shoreline amphitheatre never seen nin wait;0.31;0.0;6.2;Neutro;0.0001380443572998047;0.010821342468261719;0.010959386825561523
arhh it s weka bug and i spent almost two hours to find that out crappy me;arhh weka bug spent almost two hour find crappy;0.0;0.31;4.06;Neutro;0.00012564659118652344;0.010605812072753906;0.01073145866394043
hey bud np i do so love my d although i d love a d mkii more;hey bud np love although love mkii;0.73;0.0;8.16;Positivo;0.00011157989501953125;0.008211851119995117;0.008323431015014648
just got us a d for the office d;got u office;0.0;0.0;5.0;Neutro;0.00010061264038085938;0.014454126358032227;0.014554738998413086
just picked up my new canon d it s beautiful prepare for some seriously awesome photography;picked new canon beautiful prepare seriously awesome photography;0.54;0.12;6.52;Neutro;0.00013709068298339844;0.011361360549926758;0.011498451232910156
just got my new toy canon d love love love it;got new toy canon love love love;0.76;0.0;8.21;Positivo;0.00010180473327636719;0.00890803337097168;0.009009838104248047
learning about lambda calculus;learning lambda calculus;0.0;0.0;5.0;Neutro;0.0001308917999267578;0.014271259307861328;0.014402151107788086
i m moving to east palo alto;moving east palo alto;0.0;0.0;5.0;Neutro;0.00010991096496582031;0.014232158660888672;0.014342069625854492
atebits i just finished watching your stanford iphone class session i really appreciate it you rock;atebits finished watching stanford iphone class session really appreciate rock;0.25;0.0;5.74;Neutro;0.0001277923583984375;0.01071619987487793;0.010843992233276367
hi just saw your stanford talk and really liked your advice just saying hi from singapore yes the videos do get around;hi saw stanford talk really liked advice saying hi singapore yes video get around;0.33;0.0;6.39;Neutro;0.00015163421630859375;0.011106014251708984;0.011257648468017578
lakers tonight let s go;lakers tonight let go;0.0;0.0;5.0;Neutro;0.00012350082397460938;0.0149383544921875;0.01506185531616211
will the lakers kick the nuggets ass tonight;lakers kick nugget as tonight;0.0;0.0;5.0;Neutro;0.0001277923583984375;0.01476597785949707;0.014893770217895508
oooooooh north korea is in troubleeeee;oooooooh north korea troubleeeee;0.0;0.0;5.0;Neutro;0.00011467933654785156;0.014964818954467773;0.015079498291015625
wat the heck is north korea doing they just conducted powerful nuclear tests follow the link;wat heck north korea conducted powerful nuclear test follow link;0.24;0.0;5.68;Neutro;0.00012040138244628906;0.010759592056274414;0.010879993438720703
listening to obama friggin north korea;listening obama friggin north korea;0.0;0.0;5.0;Neutro;0.000133514404296875;0.014140844345092773;0.014274358749389648
i just realized we three monkeys in the white obama biden pelosi sarah palin;realized three monkey white obama biden pelosi sarah palin;0.0;0.0;5.0;Neutro;0.00013256072998046875;0.01460576057434082;0.014738321304321289
pelosi should stay in china and never come back;pelosi stay china never come back;0.0;0.0;5.0;Neutro;0.00011539459228515625;0.014285564422607422;0.014400959014892578
nancy pelosi gave the worst commencement speech i ve ever heard yes i m still bitter about this;nancy pelosi gave worst commencement speech ever heard yes still bitter;0.15;0.39;4.06;Neutro;0.00011229515075683594;0.010399580001831055;0.01051187515258789
ugh the amount of times these stupid insects have bitten me grr;ugh amount time stupid insect bitten grr;0.0;0.55;1.68;Negativo;0.00012063980102539062;0.009016036987304688;0.009136676788330078
prettiest insects ever pink katydids;prettiest insect ever pink katydid;0.48;0.0;8.33;Positivo;0.0001010894775390625;0.00969076156616211;0.009791851043701172
just got barraged by a horde of insects hungry for my kitchen light so scary;got barraged horde insect hungry kitchen light scary;0.0;0.31;4.06;Neutro;0.00016498565673828125;0.010674715042114258;0.010839700698852539
just had mcdonalds for dinner d it was goooood big mac meal;mcdonalds dinner goooood big mac meal;0.0;0.0;5.0;Neutro;0.00020432472229003906;0.014307737350463867;0.014512062072753906
ahh yes lol ima tell my hubby to go get me sum mcdonalds;ahh yes lol ima tell hubby go get sum mcdonalds;0.41;0.0;7.47;Positivo;0.00012135505676269531;0.011517524719238281;0.011638879776000977
stopped to have lunch at mcdonalds chicken nuggetssss yummmmmy;stopped lunch mcdonalds chicken nuggetssss yummmmmy;0.0;0.28;4.24;Neutro;0.00010323524475097656;0.01049494743347168;0.010598182678222656
could go for a lot of mcdonalds i mean a lot;could go lot mcdonalds mean lot;0.0;0.0;5.0;Neutro;0.00012373924255371094;0.01462411880493164;0.014747858047485352
my exam went good your prayers worked;exam went good prayer worked;0.42;0.0;7.66;Positivo;0.00012612342834472656;0.011680364608764648;0.011806488037109375
only one exam left and i am so happy for it d;one exam left happy;0.55;0.0;8.27;Positivo;0.00012946128845214844;0.008777618408203125;0.008907079696655273
math review im going to fail the exam;math review im going fail exam;0.0;0.41;3.16;Negativo;0.00012683868408203125;0.011420011520385742;0.011546850204467773
colin powell rocked yesterday on cbs cheney needs to shut the hell up and go home powell is a man of honor and served our country proudly;colin powell rocked yesterday cbs cheney need shut hell go home powell man honor served country proudly;0.27;0.18;5.49;Neutro;0.00010943412780761719;0.009840965270996094;0.009950399398803711
obviously not siding with cheney here;obviously siding cheney;0.0;0.0;5.0;Neutro;0.00011467933654785156;0.015316009521484375;0.015430688858032227
absolutely hilarious from;absolutely hilarious;0.75;0.0;8.19;Positivo;0.00011658668518066406;0.008521080017089844;0.008637666702270508
i never did thank you for including me in your top twitter authors you rock amp i new wave d;never thank including top twitter author rock amp new wave;0.0;0.32;3.99;Neutro;8.368492126464844e-05;0.010886192321777344;0.010969877243041992
rt awesome jquery reference book for coda webdesign;rt awesome jquery reference book coda webdesign;0.41;0.0;7.47;Positivo;0.00012421607971191406;0.011261224746704102;0.011385440826416016
i ve been sending e mails like crazy today to my contacts does anyone have a contact at goodby silverstein i d love to speak to them;sending e mail like crazy today contact anyone contact goodby silverstein love speak;0.37;0.13;6.29;Neutro;0.00010132789611816406;0.010856389999389648;0.010957717895507812
goodby silverstein s new site i enjoy it;goodby silverstein new site enjoy;0.44;0.0;8.09;Positivo;0.0001609325408935547;0.011741876602172852;0.011902809143066406
wow everyone at the google i o conference got free g s with a month of unlimited service;wow everyone google conference got free g month unlimited service;0.5;0.0;8.31;Positivo;9.34600830078125e-05;0.009557723999023438;0.00965118408203125
dood i got a free google android phone at the i o conference the g;dood got free google android phone conference g;0.35;0.0;6.61;Neutro;0.00013303756713867188;0.01180577278137207;0.011938810348510742
the g is amazing btw a huge improvement over the g;g amazing btw huge improvement g;0.9;0.0;8.33;Positivo;0.0001327991485595703;0.009771585464477539;0.00990438461303711
html demos lots of great stuff to come yes i m excited io googleio;html demo lot great stuff come yes excited io googleio;0.57;0.0;8.24;Positivo;0.00011563301086425781;0.00907754898071289;0.009193181991577148
yay happy place place place i love google;yay happy place place place love google;0.74;0.0;8.18;Positivo;0.00013566017150878906;0.00871896743774414;0.00885462760925293
googleio o d bringing d graphics to the browser very nice tbh funfun;googleio bringing graphic browser nice tbh funfun;0.32;0.0;6.29;Neutro;0.00012683868408203125;0.010761499404907227;0.010888338088989258
awesome viral marketing for funny people;awesome viral marketing funny people;0.7;0.0;8.1;Positivo;0.00011444091796875;0.008292913436889648;0.008407354354858398
saw night at the museum out of sheer desperation who is funding these movies;saw night museum sheer desperation funding movie;0.0;0.33;3.91;Neutro;0.0001246929168701172;0.011187314987182617;0.011312007904052734
night at the museum pretty furkin good;night museum pretty furkin good;0.67;0.0;8.07;Positivo;0.00013065338134765625;0.008024454116821289;0.008155107498168945
watching night at the museum giggling;watching night museum giggling;0.46;0.0;8.33;Positivo;0.00010228157043457031;0.009384870529174805;0.009487152099609375
back from seeing star trek and night at the museum star trek was amazing but night at the museum was eh;back seeing star trek night museum star trek amazing night museum eh;0.26;0.0;5.81;Neutro;0.00012803077697753906;0.012207746505737305;0.012335777282714844
just watched night at the museum so stinkin cute;watched night museum stinkin cute;0.43;0.0;7.86;Positivo;0.00015234947204589844;0.012002706527709961;0.01215505599975586
so night at the museum was awesome much better than part next weekend we ll see up;night museum awesome much better part next weekend see;0.5;0.0;8.31;Positivo;0.00011444091796875;0.009918928146362305;0.010033369064331055
saw the new night at the museum and i loved it next is to go see up in d;saw new night museum loved next go see;0.36;0.0;6.72;Positivo;0.00016164779663085938;0.012305021286010742;0.012466669082641602
it is a shame about gm what if they are forced to make only cars the white house thinks will sell what do you think;shame gm forced make car white house think sell think;0.0;0.43;2.91;Negativo;0.0001125335693359375;0.011647462844848633;0.01175999641418457
as u may have noticed not too happy about the gm situation nor aig lehman et al;u may noticed happy gm situation aig lehman et al;0.32;0.0;6.29;Neutro;0.00010895729064941406;0.010960817337036133;0.011069774627685547
gm good riddance sad though;gm good riddance sad though;0.32;0.34;5.04;Neutro;0.00011539459228515625;0.011394500732421875;0.011509895324707031
i will never buy a government motors vehicle until just recently i drove gm cars since when i bought a;never buy government motor vehicle recently drove gm car since bought;0.0;0.0;5.0;Neutro;0.00011229515075683594;0.014315128326416016;0.014427423477172852
having the old coca cola guy on the gm board is stupid has heck tcot ala;old coca cola guy gm board stupid heck tcot ala;0.0;0.27;4.3;Neutro;0.00011539459228515625;0.010535240173339844;0.010650634765625
rantsandraves the worst thing about gm concord pleasant hill martinez is the fucking uaw;rantsandraves worst thing gm concord pleasant hill martinez fucking uaw;0.21;0.27;4.86;Neutro;0.0001239776611328125;0.009561300277709961;0.009685277938842773
give a man a fish u feed him for the day teach him to fish u feed him for life buy him gm and u f k him over for good;give man fish u feed day teach fish u feed life buy gm u f k good;0.21;0.0;5.52;Neutro;0.00011777877807617188;0.011086702346801758;0.01120448112487793
the more i hear about this gm thing the more angry i get billions wasted more bullshit all for something like k employees and all the;hear gm thing angry get billion wasted bullshit something like k employee;0.13;0.52;3.71;Neutro;0.00011324882507324219;0.011585712432861328;0.01169896125793457
i own a gm car and it is junk as far as quality compared to a honda;gm car junk far quality compared honda;0.0;0.0;5.0;Neutro;0.00011777877807617188;0.015541553497314453;0.015659332275390625
sad day bankrupt gm;sad day bankrupt gm;0.0;0.77;1.91;Negativo;0.00011515617370605469;0.008027076721191406;0.008142232894897461
is upset about the whole gm thing life as i know it is so screwed up;upset whole gm thing life know screwed;0.0;0.54;1.68;Negativo;0.00010967254638671875;0.009572505950927734;0.009682178497314453
whoever is running time warner needs to be repeatedly raped by a rhino so they understand the consequences of putting out shitty cable svcs;whoever running time warner need repeatedly raped rhino understand consequence putting shitty cable svcs;0.0;0.41;3.16;Negativo;0.00011277198791503906;0.011320829391479492;0.011433601379394531
wftb joining a bit late my connection was down boo time warner;wftb joining bit late connection boo time warner;0.0;0.0;5.0;Neutro;0.00010609626770019531;0.01432943344116211;0.014435529708862305
cox or time warner cox is cheaper and gets a b on dslreports tw is more expensive and gets a c;cox time warner cox cheaper get b dslreports tw expensive get c;0.0;0.0;5.0;Neutro;0.00010633468627929688;0.014613628387451172;0.014719963073730469
i am furious with time warner and their phone promotions;furious time warner phone promotion;0.0;0.48;2.09;Negativo;0.00010752677917480469;0.012516260147094727;0.012623786926269531
just got home from chick fil a with the boys damn my internets down stupid time warner;got home chick fil boy damn internet stupid time warner;0.0;0.43;2.91;Negativo;0.00019216537475585938;0.011348724365234375;0.011540889739990234
could time warner cable suck more no;could time warner cable suck;0.0;0.42;3.04;Negativo;0.00011658668518066406;0.011126279830932617;0.011242866516113281
pissed at time warner for causin me to have slow internet problems;pissed time warner causin slow internet problem;0.0;0.58;1.7;Negativo;0.00015473365783691406;0.009212017059326172;0.009366750717163086
ummm having some time warner problems;ummm time warner problem;0.0;0.47;2.28;Negativo;0.00010585784912109375;0.011412620544433594;0.011518478393554688
you guys see this why does time warner have to suck so much ass really wish i could get u verse at my apartment;guy see time warner suck much as really wish could get u verse apartment;0.18;0.17;5.09;Neutro;0.00011134147644042969;0.010164976119995117;0.010276317596435547
rt the upside to time warner unhelpful phone operators superslow on site service crap that s not an upside;rt upside time warner unhelpful phone operator superslow site service crap upside;0.0;0.19;4.66;Neutro;0.00011539459228515625;0.01107168197631836;0.011187076568603516
rt new time warner slogan time warner where we make you long for the days before cable;rt new time warner slogan time warner make long day cable;0.0;0.0;5.0;Neutro;0.00010561943054199219;0.014335870742797852;0.014441490173339844
confirmed it s time warner s fault not facebook s that fb is taking about minutes to load so tempted to switch to verizon;confirmed time warner fault facebook fb taking minute load tempted switch verizon;0.0;0.2;4.62;Neutro;0.0001392364501953125;0.011763811111450195;0.011903047561645508
time warner epic fail;time warner epic fail;0.0;0.54;1.68;Negativo;0.00013518333435058594;0.009380340576171875;0.009515523910522461
i know how sad is that rt st day of hurricane season that s less scarey than govt taking over gm;know sad rt st day hurricane season less scarey govt taking gm;0.0;0.35;3.76;Neutro;8.702278137207031e-05;0.010867834091186523;0.010954856872558594
gm files bankruptcy not a good sign;gm file bankruptcy good sign;0.42;0.0;7.66;Positivo;0.00012493133544921875;0.011555910110473633;0.011680841445922852
yankees won mets lost its a good day;yankee mets lost good day;0.35;0.28;5.32;Neutro;0.00013899803161621094;0.010435819625854492;0.010574817657470703
my dentist appt today was actually quite enjoyable;dentist appt today actually quite enjoyable;0.39;0.0;7.14;Positivo;9.393692016601562e-05;0.011610984802246094;0.01170492172241211
i hate the effing dentist;hate effing dentist;0.0;0.65;1.78;Negativo;0.00011754035949707031;0.008491754531860352;0.008609294891357422
i hate going to the dentist;hate going dentist;0.0;0.65;1.78;Negativo;9.584426879882812e-05;0.008469820022583008;0.008565664291381836
i hate the dentist who invented them anyways;hate dentist invented anyways;0.0;0.55;1.68;Negativo;8.821487426757812e-05;0.00908207893371582;0.009170293807983398
this dentist s office is cold;dentist office cold;0.0;0.0;5.0;Neutro;0.00011396408081054688;0.01469874382019043;0.014812707901000977
just applied at safeway yeeeee;applied safeway yeeeee;0.0;0.0;5.0;Neutro;0.00012254714965820312;0.01600360870361328;0.016126155853271484
safeway place is a nightmare right now bumming;safeway place nightmare right bumming;0.0;0.0;5.0;Neutro;0.0002033710479736328;0.015201568603515625;0.015404939651489258
hate safeway select green tea icecream bought two cartons what a waste of money gt _ lt;hate safeway select green tea icecream bought two carton waste money gt _ lt;0.11;0.35;3.98;Neutro;0.000164031982421875;0.011513948440551758;0.011677980422973633
nike rocks i m super grateful for what i ve done with them amp the european division of nike is beyond;nike rock super grateful done amp european division nike beyond;0.46;0.0;8.33;Positivo;0.0001239776611328125;0.00916433334350586;0.009288311004638672
have you tried nike v addictive;tried nike v addictive;0.0;0.0;5.0;Neutro;8.96453857421875e-05;0.01551961898803711;0.015609264373779297
the nike training club beta iphone app looks very interesting;nike training club beta iphone app look interesting;0.28;0.0;5.95;Neutro;0.00018787384033203125;0.01111602783203125;0.011303901672363281
argghhhh why won t my jquery appear in safari bad safari;argghhhh jquery appear safari bad safari;0.0;0.41;3.16;Negativo;0.00016427040100097656;0.01128077507019043;0.011445045471191406
i m ready to drop the pretenses i am forever in love with jquery and i want to marry it sorry ladies this nerd is jquery spokenfor js;ready drop pretense forever love jquery want marry sorry lady nerd jquery spokenfor j;0.39;0.27;5.45;Neutro;0.00011372566223144531;0.01025080680847168;0.010364532470703125
super investors a great weekend read here from warren buffet oldie but a goodie;super investor great weekend read warren buffet oldie goodie;0.53;0.0;8.29;Positivo;0.0001494884490966797;0.009274721145629883;0.009424209594726562
reading michael palin book the python years great book i also recommend warren buffet amp nelson mandela s bio;reading michael palin book python year great book also recommend warren buffet amp nelson mandela bio;0.32;0.0;6.29;Neutro;0.00012302398681640625;0.011137247085571289;0.011260271072387695
i mean i m down with notre dame if i have to it s a good school i d be closer to dan i d enjoy it;mean notre dame good school closer dan enjoy;0.5;0.0;8.31;Positivo;0.00010275840759277344;0.008791208267211914;0.008893966674804688
i can t watch tv without a tivo and after all these years the time warner dvr still sucks;watch tv without tivo year time warner dvr still suck;0.0;0.24;4.45;Neutro;0.0001475811004638672;0.010687112808227539;0.010834693908691406
i d say some sports writers are idiots for saying roger federer is one of the best ever in tennis roger federer is the best ever in tennis;say sport writer idiot saying roger federer one best ever tennis roger federer best ever tennis;0.34;0.13;6.18;Neutro;0.00010728836059570312;0.01086282730102539;0.010970115661621094
i still love my kindle but reading the new york times on it does not feel natural i miss the bloomingdale ads;still love kindle reading new york time feel natural miss bloomingdale ad;0.39;0.09;6.75;Positivo;0.00012540817260742188;0.010827064514160156;0.010952472686767578
i love my kindle no more stacks of books to trip over on the way to the loo;love kindle stack book trip way loo;0.41;0.0;7.47;Positivo;0.00012993812561035156;0.011683940887451172;0.011813879013061523
although today s keynote rocked for every great announcement at amp t shit on us just a little bit more;although today keynote rocked every great announcement amp shit u little bit;0.25;0.22;5.23;Neutro;0.00010657310485839844;0.009571552276611328;0.009678125381469727
its not so much my obsession with cell phones but the iphone i m a slave to at amp t forever because of it;much obsession cell phone iphone slave amp forever;0.0;0.26;4.35;Neutro;0.000110626220703125;0.010380744934082031;0.010491371154785156
fuzzball is more fun than at amp t p;fuzzball fun amp p;0.62;0.0;8.16;Positivo;0.00010943412780761719;0.00831294059753418;0.008422374725341797
today is a good day to dislike at amp t vote out of office indeed;today good day dislike amp vote office indeed;0.25;0.23;5.19;Neutro;9.989738464355469e-05;0.009390830993652344;0.009490728378295898
got my wave sandbox invite extra excited too bad i have class now but i ll play with it soon enough io wave;got wave sandbox invite extra excited bad class play soon enough io wave;0.34;0.18;5.81;Neutro;0.00011134147644042969;0.010060787200927734;0.010172128677368164
looks like summize has gone down too many tweets from wwdc perhaps;look like summize gone many tweet wwdc perhaps;0.26;0.0;5.81;Neutro;0.00013017654418945312;0.010343790054321289;0.010473966598510742
thanks so much from one of your very happy kindle winners i was so surprised fabulous thank you best kathleen;thanks much one happy kindle winner surprised fabulous thank best kathleen;0.85;0.0;8.31;Positivo;0.00010418891906738281;0.009052753448486328;0.009156942367553711
man i kinda dislike apple right now case in point the iphone gs wish there was a video recorder app please;man kinda dislike apple right case point iphone g wish video recorder app please;0.29;0.13;5.8;Neutro;0.0001456737518310547;0.010015249252319336;0.01016092300415039
i have a kindle amp sony prs like it physical device feels good font is nice pg turns are snappy enuf ui a little klunky;kindle amp sony pr like physical device feel good font nice pg turn snappy enuf ui little klunky;0.35;0.0;6.61;Neutro;0.00011277198791503906;0.011331558227539062;0.011444330215454102
the kindle seems the best ereader but will it work in the uk and where can i get one;kindle seems best ereader work uk get one;0.38;0.0;6.99;Positivo;0.00011301040649414062;0.011113405227661133;0.011226415634155273
i have a google addiction thank you for pointing that out hahaha;google addiction thank pointing hahaha;0.67;0.0;8.07;Positivo;0.00011968612670898438;0.008060216903686523;0.008179903030395508
dearest you rich bastards the visa card you sent me doesn t work why screw a little guy like me;dearest rich bastard visa card sent work screw little guy like;0.46;0.24;5.65;Neutro;0.00017309188842773438;0.01032710075378418;0.010500192642211914
excited about seeing bobby flay and guy fieri tomorrow at the great american food amp music fest;excited seeing bobby flay guy fieri tomorrow great american food amp music fest;0.37;0.0;6.85;Positivo;0.00010180473327636719;0.01162409782409668;0.011725902557373047
gonna go see bobby flay moro at shoreline eat and drink gonna be good;gon na go see bobby flay moro shoreline eat drink gon na good;0.2;0.0;5.47;Neutro;0.0001621246337890625;0.011033773422241211;0.011195898056030273
can t wait for the great american food and music festival at shoreline tomorrow mmm katz pastrami and bobby flay yes please;wait great american food music festival shoreline tomorrow mmm katz pastrami bobby flay yes please;0.53;0.0;8.29;Positivo;9.894371032714844e-05;0.008886098861694336;0.008985042572021484
my dad was in ny for a day we ate at mesa grill last night and met bobby flay so much fun except i completely lost my voice today;dad ny day ate mesa grill last night met bobby flay much fun except completely lost voice today;0.15;0.12;5.12;Neutro;0.00010275840759277344;0.011196374893188477;0.01129913330078125
fighting with latex again;fighting latex;0.0;0.71;1.87;Negativo;0.000118255615234375;0.008371591567993164;0.008489847183227539
we love you too and don t want you to die latex the devil;love want die latex devil;0.37;0.56;4.92;Neutro;0.00018453598022460938;0.013880014419555664;0.014064550399780273
hours hours of inkscape crashing normally solid as a rock hours of latex complaining at the slightest thing i can t take any more;hour hour inkscape crashing normally solid rock hour latex complaining slightest thing take;0.11;0.12;5.0;Neutro;0.00011658668518066406;0.011617898941040039;0.011734485626220703
shit s hitting the fan in iran craziness indeed iranelection;shit hitting fan iran craziness indeed iranelection;0.18;0.5;4.12;Neutro;0.00012874603271484375;0.011205196380615234;0.011333942413330078
monday already iran may implode kitchen is a disaster seems happy had a nice weekend and is great whoop;monday already iran may implode kitchen disaster seems happy nice weekend great whoop;0.45;0.17;6.09;Neutro;0.00012040138244628906;0.010883808135986328;0.011004209518432617
getting ready to test out some burger receipes this weekend bobby flay has some great receipes to try thanks bobby;getting ready test burger receipes weekend bobby flay great receipes try thanks bobby;0.49;0.0;8.32;Positivo;0.0001220703125;0.009279727935791016;0.009401798248291016
i lam so in love with bobby flay he is my favorite rt you need a place in phoenix we have great peppers here;lam love bobby flay favorite rt need place phoenix great pepper;0.58;0.0;8.22;Positivo;0.00015211105346679688;0.009821653366088867;0.009973764419555664
i just created my first latex file from scratch that didn t work out very well see it s a great time waster;created first latex file scratch work well see great time waster;0.51;0.0;8.31;Positivo;0.00015306472778320312;0.010830402374267578;0.010983467102050781
using linux and loving it so much nicer than windows looking forward to using the wysiwyg latex editor;using linux loving much nicer window looking forward using wysiwyg latex editor;0.41;0.0;7.47;Positivo;0.00012826919555664062;0.01105952262878418;0.01118779182434082
after using latex a lot any other typeset mathematics just looks hideous;using latex lot typeset mathematics look hideous;0.0;0.0;5.0;Neutro;0.00010418891906738281;0.014884710311889648;0.014988899230957031
on that note i hate word i hate pages i hate latex there i said it i hate latex all you texn rds can come kill me now;note hate word hate page hate latex said hate latex texn rds come kill;0.0;0.68;1.83;Negativo;0.00012111663818359375;0.008830070495605469;0.008951187133789062
ahhh back in a real text editing environment i lt latex;ahhh back real text editing environment lt latex;0.0;0.0;5.0;Neutro;0.00022912025451660156;0.014290094375610352;0.014519214630126953
trouble in iran i see hmm iran iran so far away flockofseagullsweregeopoliticallycorrect;trouble iran see hmm iran iran far away flockofseagullsweregeopoliticallycorrect;0.0;0.25;4.4;Neutro;0.00012063980102539062;0.010688543319702148;0.010809183120727539
reading the tweets coming out of iran the whole thing is terrifying and incredibly sad;reading tweet coming iran whole thing terrifying incredibly sad;0.0;0.5;1.67;Negativo;0.0001354217529296875;0.00954294204711914;0.009678363800048828
